{
  "batch_grow": 10000,
  "batch_size": 500,
  "check_iter": 10000,
  "context_len": 7,
  "cutoff": 2,
  "debug": false,
  "embed_dim": 30,
  "epoch": 104,
  "gpu_num": 7,
  "hidden_dim": 310,
  "in_pfx": "./data/pos_tagger/munjong",
  "iter_best": 4440000,
  "iteration": 4440000,
  "learning_rate": 3.3813919135227317e-06,
  "log_dir": "./logdir",
  "lr_decay": 0.9,
  "model_id": "munjong.cnn.cut2.win3.emb30.lr0.001.lrd0.9.bs500.ci10000.bg10000",
  "model_name": "cnn",
  "out_dir": "./logdir/munjong.cnn.cut2.win3.emb30.lr0.001.lrd0.9.bs500.ci10000.bg10000",
  "patience": 10,
  "rsc_src": "../rsc/src",
  "window": 3
}
